{
    "plddts": {
        "model_1": 85.22261256194058,
        "model_2": 84.09077369260676,
        "model_3": 85.89572493453413,
        "model_4": 85.74236213918687,
        "model_5": 83.68526874926891
    },
    "order": [
        "model_3",
        "model_4",
        "model_1",
        "model_2",
        "model_5"
    ]
}